<?xml version='1.0' encoding="UTF-8"?>
<!DOCTYPE hibernate-mapping PUBLIC
        "-//Hibernate/HibernateMappingDTD5.3//EN"
        "http://www.hibernate.org/dtd/hibernate-mapping-3.0.dtd">
<hibernate-mapping>
    <class name="ejercicios.Alumno" table="Alumnos" catalog="nombre_bd">
        <id name="id">
            <column name="id_alumno"/>
            <generator class="assigned"></generator>
        </id>
        <property name="nombre"></property>
        <property name="nacionalidad"></property>
        <property name="edad"></property>
        <property name="sexo"></property>
        <list name="listaModulos" inverse="false" table="Alumnos" lazy="true">
            <key>
                <column name="ID" />
            </key>
            <list-index></list-index>
            <element type="java.lang.String">
                <column name="nombre_modulo" />
            </element>
        </list>
    </class>
</hibernate-mapping>

        <!-- Realizacion del mapeo de alumno. Se tiene en cuenta su clave primaria, sus atributos y el array list. -->
