<?xml version='1.0' encoding='UTF-8' ?>
<!DOCTYPE hibernate-configuration PUBLIC
        "-//Hibernate/HibernateConfigurationDTD//EN"
        "http://www.hibernate.org/dtd/hibernate-configuration-3.0.dtd">
<hibernate-configuration>
    <session-factory>
        <property name="hbm2ddl.auto">create</property>
        <property name="hibernate.dialect">org.hibernate.dialect.MySQL5Dialect</property>
        <property name="connection.driver_class">com.mysql.jdbc.Driver</property>
        <property name="connection.url">jdbc:mysql://127.0.0.1:3309/nombre_bd</property>
        <property name="connection.username">JesusDavidMunozRamirez</property>
        <property name="connection.password">familia</property>
        <property name="hibernate.show_sql">true</property>
        <mapping resource="alumno.hbm.xml"/>
        <mapping resource="profesor.hbm.xml"/>
        <mapping resource="modulo.hbm.xml"/>
    </session-factory>
</hibernate-configuration>

        <!-- Realizacion de la configuracion de hibernate. Se toma como direccion localhost y puerto 3309. Usuario
         mi nombre y contraseña familia.

         Añado mapeo para alumno, profesor y modulo -->
