<?xml version='1.0' encoding="UTF-8"?>
<!DOCTYPE hibernate-mapping PUBLIC
        "-//Hibernate/HibernateMappingDTD5.3//EN"
        "http://www.hibernate.org/dtd/hibernate-mapping-3.0.dtd">
<hibernate-mapping>
    <class name="ejercicios.Modulo" table="Modulos" catalog="nombre_bd">
        <id name="id">
            <column name="modulo_id"/>
            <generator class="assigned"></generator>
        </id>
        <property name="nombre"></property>
        <property name="codigo"></property>
    </class>
</hibernate-mapping>

        <!-- Realizacion del mapeo de modulo. Se tiene en cuenta su clave primaria y sus atributos. -->
